parameter,lambda_1,psi_1,rho_1,R0_1,infectious_time_1
value,1.70388099686012,0.3078107564867327,0.5294175068141798,5.535482308375929,3.2487493660511575
Note: Used single model estimation because change time > tree time
