parameter,lambda_1,psi_1,rho_1,R0_1,infectious_time_1
value,2.0019761689903475,0.3577544131375579,0.17609959157046645,5.5959510084941435,2.7952135970311462
Note: Used single model estimation because change time > tree time
