parameter,lambda_1,psi_1,rho_1,R0_1,infectious_time_1
value,2.202591010579239,0.24029157453015515,0.6467269009871648,9.16632643023789,4.161610751252146
Note: Used single model estimation because change time > tree time
