parameter,lambda_1,psi_1,rho_1,R0_1,infectious_time_1
value,1.9509525033805206,0.25392431714469943,0.5843558903864027,7.683204686019753,3.938181310260834
Note: Used single model estimation because change time > tree time
