parameter,lambda_1,psi_1,rho_1,R0_1,infectious_time_1
value,0.8407591275238313,0.14280384637573712,0.6382971389515026,5.8875103777784465,7.002612502249124
Note: Used single model estimation because change time > tree time
