parameter,lambda_1,psi_1,rho_1,R0_1,infectious_time_1
value,0.6849705131731996,0.18745257293472087,0.545430222646997,3.6541003542892745,5.334682711174327
Note: Used single model estimation because change time > tree time
