parameter,lambda_1,psi_1,rho_1,R0_1,infectious_time_1
value,5.150382847903214,0.5900457712353261,0.07123090701786175,8.728785289182428,1.6947837756830109
Note: Used single model estimation because change time > tree time
