parameter,lambda_1,psi_1,rho_1,R0_1,infectious_time_1
value,0.9836768802953006,0.12313353210788776,0.42085138886352746,7.988700262682449,8.121264637514134
Note: Used single model estimation because change time > tree time
